college,cohort_year,analysis_included,complete_case,cohort_size,log_cohort_size,course_success,avg_successful_units,persistence,completed_30_units,math_english,transfer_4yr
Allan Hancock College,15-16,True,True,2614.0,7.869019376499023,0.65819,10.98508,0.67521,0.08493,0.07804,0.12012
American River College,15-16,True,True,7068.0,8.863474306170954,0.71609,7.4689,0.65096,0.02844,0.03551,0.08291
Antelope Valley College,15-16,True,True,3661.0,8.205764725234456,0.6607,9.58741,0.69926,0.05053,0.05163,0.11199
Bakersfield College,15-16,True,True,5732.0,8.653994232908383,0.59357,8.43074,0.67045,0.03402,0.02756,0.11985
Barstow College,15-16,True,True,892.0,6.794586580876499,0.74709,12.47309,0.63341,0.08296,0.02242,0.17265
Berkeley City College,15-16,True,True,1649.0,7.408530566894626,0.62962,9.17495,0.55246,0.04488,0.08975,0.16192
Butte College,15-16,True,True,2948.0,7.989221408815276,0.65455,13.0385,0.73474,0.08209,0.08718,0.17503
Cabrillo College,15-16,True,True,2489.0,7.820037989458753,0.70381,11.77219,0.69064,0.0691,0.08116,0.16111
Canada College,15-16,True,True,1371.0,7.22402480828583,0.6731,8.30963,0.60029,0.062,0.09993,0.13275
Cerritos College,15-16,True,True,5247.0,8.565602330623925,0.67019,9.84153,0.73833,0.0425,0.02573,0.10863
Cerro Coso Community College,15-16,True,True,1123.0,7.024649030453636,0.63409,7.90695,0.47818,0.04541,0.02048,0.12378
Chabot College,15-16,True,True,3487.0,8.15708378502887,0.65827,9.5162,0.67766,0.05965,0.06711,0.15457
Chaffey College,15-16,True,True,6166.0,8.726967774991493,0.65188,10.41372,0.7097,0.04946,0.03665,0.10996
Citrus College,15-16,True,True,3369.0,8.122668023346407,0.67597,12.49199,0.72603,0.10181,0.06471,0.1683
City College of San Francisco,15-16,True,True,5086.0,8.534443544822764,0.72242,9.50487,0.60657,0.05171,0.04345,0.13272
Clovis Community College,15-16,True,True,1829.0,7.512071245835466,0.65736,10.23291,0.63532,0.04757,0.11482,0.19574
Coalinga College,15-16,True,True,1090.0,6.994849985833071,0.67807,8.92844,0.61927,0.05046,0.02385,0.15229
Coastline Community College,15-16,True,True,3064.0,8.027802848370312,0.58196,5.74331,0.45235,0.01501,0.01501,0.03884
College of Alameda,15-16,True,True,1292.0,7.164720378771857,0.66791,8.09675,0.55263,0.03328,0.07972,0.17802
College of Marin,15-16,True,True,1227.0,7.113142108707088,0.67859,8.04605,0.5868,0.0383,0.04564,0.12388
College of San Mateo,15-16,True,True,2296.0,7.739359202689098,0.69801,12.27787,0.71777,0.0993,0.12195,0.23127
College of the Canyons,15-16,True,True,4333.0,8.374246182096304,0.72854,15.16102,0.74267,0.14678,0.08401,0.22063
College of the Desert,15-16,True,True,2831.0,7.94873845481361,0.66219,9.94242,0.72625,0.0325,0.02367,0.10915
College of the Redwoods,15-16,True,True,1113.0,7.01571242048723,0.67701,12.43486,0.65588,0.07457,0.0584,0.14016
College of the Sequoias,15-16,True,True,3392.0,8.129469764784231,0.67025,12.63414,0.69959,0.09287,0.05631,0.15419
College of the Siskiyous,15-16,True,True,479.0,6.173786103901937,0.72778,12.39248,0.62839,0.10021,0.06889,0.17537
Columbia College,15-16,True,True,793.0,6.677083461247136,0.68388,12.07818,0.6343,0.09079,0.06179,0.11223
Compton College,15-16,True,True,1425.0,7.262628600974241,0.62569,8.73123,0.56702,0.04772,0.02667,0.0793
Contra Costa College,15-16,True,True,1693.0,7.434847875211999,0.70225,11.75773,0.57354,0.10868,0.05966,0.15003
Copper Mountain College,15-16,True,True,575.0,6.3561076606958915,0.6702,7.58868,0.6313,0.02261,0.05913,0.12
Cosumnes River College,15-16,True,True,3378.0,8.12533508671429,0.62613,9.39153,0.66755,0.04707,0.04263,0.13914
Crafton Hills College,15-16,True,True,1534.0,7.336285660021297,0.70101,10.99006,0.70991,0.05932,0.06323,0.1545
Cuesta College,15-16,True,True,2319.0,7.749322464660356,0.67656,12.53752,0.68047,0.09013,0.11514,0.18887
Cuyamaca College,15-16,True,True,2264.0,7.725330037917135,0.7428,8.10711,0.64841,0.02694,0.08127,0.15857
Cypress College,15-16,True,True,3755.0,8.231109840328154,0.6981,10.33462,0.73901,0.04501,0.05806,0.15473
De Anza College,15-16,True,False,5933.0,8.688453800850768,0.78532,nan,0.78898,nan,0.15085,0.25518
Diablo Valley College,15-16,True,True,5533.0,8.618666160346871,0.73061,15.00063,0.70884,0.16609,0.12308,0.242
East Los Angeles College,15-16,True,True,6247.0,8.740016691519521,0.64451,10.19433,0.62622,0.06595,0.02737,0.07444
El Camino College,15-16,True,True,5539.0,8.61974977974133,0.67472,12.49513,0.74201,0.09893,0.09063,0.167
Evergreen Valley College,15-16,True,True,2280.0,7.732369222284388,0.68807,7.78399,0.69956,0.03465,0.06491,0.13816
Feather River College,15-16,True,True,541.0,6.295266001439646,0.75913,11.46118,0.56192,0.122,0.08318,0.14972
Folsom Lake College,15-16,True,True,2376.0,7.773594467360194,0.73056,10.59259,0.65404,0.05682,0.0787,0.19992
Foothill College,15-16,True,False,3145.0,8.053887083618223,0.78255,nan,0.6903,nan,0.15358,0.17488
Fresno City College,15-16,True,True,5240.0,8.564267598802166,0.58265,9.74303,0.65725,0.05248,0.05172,0.1126
Fullerton College,15-16,True,True,6186.0,8.73020559553099,0.65615,10.80335,0.74054,0.06078,0.10588,0.16909
Gavilan College,15-16,True,True,1611.0,7.385230923066573,0.67654,6.88051,0.61142,0.03538,0.04469,0.11111
Glendale Community College,15-16,True,True,4570.0,8.427487278331744,0.70089,14.65492,0.74792,0.15033,0.08359,0.20569
Golden West College,15-16,True,True,2923.0,7.980707820869669,0.64778,11.05799,0.71057,0.06363,0.09819,0.19808
Grossmont College,15-16,True,True,4648.0,8.444407421690585,0.68697,10.71741,0.71536,0.0497,0.07853,0.16502
Hartnell College,15-16,True,True,2739.0,7.9157131993821155,0.70607,9.85057,0.56407,0.09127,0.07631,0.12851
Imperial Valley College,15-16,True,True,2216.0,7.7039102096163115,0.66285,11.37274,0.74143,0.08709,0.03791,0.12545
Irvine Valley College,15-16,True,True,3717.0,8.220941168281389,0.70647,13.66801,0.7732,0.14878,0.13532,0.24966
Lake Tahoe Community College,15-16,True,False,724.0,6.586171654854675,0.7001,nan,0.44337,nan,0.03039,0.06768
Laney College,15-16,True,True,2460.0,7.8083230503910555,0.66355,8.05549,0.5439,0.03902,0.0439,0.11829
Las Positas College,15-16,True,True,2516.0,7.830822995135316,0.71533,11.14736,0.7186,0.08068,0.09936,0.22695
Lassen College,15-16,True,True,1379.0,7.22983877815125,0.70239,5.89123,0.27556,0.03626,0.01233,0.03988
Lemoore College,15-16,True,True,1187.0,7.080026499922591,0.69868,12.58088,0.71862,0.10278,0.08003,0.1508
Long Beach City College,15-16,True,True,5923.0,8.68676717538769,0.58998,9.56762,0.72666,0.0493,0.04694,0.1143
Los Angeles City College,15-16,True,True,3270.0,8.092851027538384,0.66126,9.12974,0.59817,0.04128,0.01774,0.07462
Los Angeles Harbor College,15-16,True,True,2018.0,7.610357618312838,0.63626,10.9943,0.65709,0.06838,0.03072,0.12934
Los Angeles ITV,15-16,False,False,211.0,5.356586274672012,0.54242,3.18957,0.1327,0.0,nan,0.10427
Los Angeles Mission College,15-16,True,True,2214.0,7.703007682479236,0.62654,8.62827,0.61337,0.03342,0.02213,0.07362
Los Angeles Pierce College,15-16,True,True,4779.0,8.472195825485501,0.66771,11.17661,0.66876,0.07638,0.03557,0.15129
Los Angeles Southwest College,15-16,True,True,1265.0,7.143617602704121,0.56786,8.56759,0.55889,0.05455,0.01344,0.06087
Los Angeles Trade-Tech College,15-16,True,False,3848.0,8.255568653283746,0.65759,7.50338,0.48779,0.02339,nan,0.02313
Los Angeles Valley College,15-16,True,True,3762.0,8.232971790593437,0.66513,8.82436,0.61669,0.05077,0.02233,0.11643
Los Medanos College,15-16,True,True,2750.0,7.919719760924575,0.67696,11.12073,0.63127,0.07455,0.10218,0.15127
Mendocino College,15-16,True,True,1085.0,6.990256500493881,0.67344,10.53963,0.61382,0.07465,0.05991,0.08848
Merced College,15-16,True,True,2811.0,7.941651252930556,0.66537,9.12504,0.75952,0.0498,0.06083,0.14052
Merritt College,15-16,True,True,1179.0,7.07326971745971,0.59329,6.46438,0.45802,0.01357,0.03138,0.09584
MiraCosta College,15-16,True,True,3580.0,8.183397369998433,0.68935,11.63673,0.70279,0.07011,0.08939,0.19581
Mission College,15-16,True,True,1769.0,7.478734825567875,0.7194,8.30384,0.62973,0.04353,0.06049,0.13058
Modesto Junior College,15-16,True,True,4759.0,8.468002947225466,0.62574,11.15308,0.6991,0.07922,0.01303,0.11578
Monterey Peninsula College,15-16,True,True,1895.0,7.547501682814967,0.70175,10.45699,0.5715,0.08127,0.0591,0.14037
Moorpark College,15-16,True,True,3438.0,8.142936010432265,0.73813,16.28912,0.78127,0.16172,0.15474,0.32228
Moreno Valley College,15-16,True,True,2266.0,7.726212650507529,0.65364,8.50099,0.56531,0.04501,0.02339,0.09797
Mt. San Antonio College,15-16,True,True,6941.0,8.845345196421732,0.69314,12.84678,0.77165,0.10949,0.04855,0.16828
Mt. San Jacinto College,15-16,True,True,4447.0,8.400209835930418,0.6522,11.46953,0.70834,0.06679,0.05869,0.13942
Napa Valley College,15-16,True,True,1728.0,7.455298485683291,0.71792,9.23119,0.63252,0.03819,0.09317,0.15509
Norco College,15-16,True,True,2409.0,7.787382026484701,0.69594,10.38149,0.68659,0.06476,0.06559,0.15899
Ohlone College,15-16,True,True,2480.0,7.816416983691801,0.74435,10.55202,0.65968,0.09113,0.09032,0.20242
Orange Coast College,15-16,True,True,5513.0,8.615045591583742,0.68603,13.09015,0.76329,0.08308,0.1179,0.22148
Oxnard College,15-16,True,True,1599.0,7.3777589082278725,0.67261,10.98155,0.70544,0.05879,0.07755,0.13008
Palo Verde College,15-16,True,False,1489.0,7.306531398939505,0.60255,5.18603,0.38684,0.01276,nan,0.01007
Palomar College,15-16,True,True,6039.0,8.706159290928861,0.68382,11.88193,0.70475,0.08064,0.05034,0.14406
Pasadena City College,15-16,True,True,6780.0,8.821879862683842,0.69418,14.07876,0.78437,0.12994,0.09027,0.21386
Porterville College,15-16,True,True,1187.0,7.080026499922591,0.65691,8.85678,0.70008,0.03117,0.05897,0.13648
Reedley College,15-16,True,True,2554.0,7.845807502637805,0.61411,10.04307,0.67698,0.05951,0.03955,0.14056
Rio Hondo College,15-16,True,True,4322.0,8.371704884667631,0.63981,8.28593,0.66636,0.03309,0.01758,0.08306
Riverside City College,15-16,True,True,5181.0,8.552946361122055,0.63317,10.17535,0.68577,0.06041,0.03725,0.12758
Sacramento City College,15-16,True,True,5131.0,8.543250725735527,0.62603,8.12005,0.57611,0.04249,0.03235,0.1146
Saddleback College,15-16,True,True,4641.0,8.442900586834382,0.72036,13.04789,0.73002,0.11312,0.10623,0.22409
San Bernardino Valley College,15-16,True,True,2967.0,7.995643604287271,0.6334,8.9149,0.67543,0.03303,0.02292,0.09302
San Diego City College,15-16,True,True,3804.0,8.244071270295786,0.65945,7.44164,0.6346,0.01814,0.03759,0.10463
San Diego Mesa College,15-16,True,True,5651.0,8.639764743804419,0.69619,8.74128,0.63033,0.043,0.08282,0.16811
San Diego Miramar College,15-16,True,True,2764.0,7.9247959139564355,0.73179,8.3949,0.60999,0.02533,0.09841,0.17475
San Joaquin Delta College,15-16,True,True,4445.0,8.399760094524142,0.63181,11.56232,0.71901,0.08886,0.04207,0.12733
San Jose City College,15-16,True,True,1748.0,7.466799475018602,0.6933,8.32208,0.627,0.05721,0.04062,0.10412
Santa Ana College,15-16,True,True,5162.0,8.54927308487965,0.67244,8.80428,0.54301,0.05734,0.05754,0.08892
Santa Barbara City College,15-16,True,True,4534.0,8.419580362549237,0.73187,15.71932,0.72717,0.14998,0.09572,0.21306
Santa Monica College,15-16,True,True,8142.0,9.004913941467132,0.68307,12.91341,0.76517,0.10931,0.07603,0.1776
Santa Rosa Junior College,15-16,True,True,4668.0,8.448700194970938,0.68455,11.81266,0.67931,0.08826,0.07412,0.14546
Santiago Canyon College,15-16,True,True,2748.0,7.918992488165245,0.68318,11.06801,0.74017,0.08224,0.13392,0.19833
Shasta College,15-16,True,True,2890.0,7.969357742016346,0.70852,10.809,0.65121,0.07716,0.05848,0.15467
Sierra College,15-16,True,True,4733.0,8.46252579007393,0.70384,12.68825,0.73442,0.0824,0.12043,0.19079
Skyline College,15-16,True,True,1921.0,7.561121589530238,0.74132,12.48308,0.6861,0.11036,0.09162,0.21395
Solano Community College,15-16,True,True,2575.0,7.853993087224244,0.65397,10.09243,0.6532,0.06291,0.09515,0.13049
Southwestern College,15-16,True,True,4415.0,8.392989587956931,0.65903,10.68267,0.74292,0.05957,0.03216,0.12367
Taft College,15-16,True,True,1186.0,7.079184394609668,0.79181,9.6129,0.4747,0.09865,0.0312,0.11298
Ventura College,15-16,True,True,2872.0,7.96311205897929,0.70688,14.33879,0.71483,0.13162,0.10655,0.20021
Victor Valley College,15-16,True,True,3729.0,8.224163512637862,0.61304,10.12966,0.6723,0.05953,0.03379,0.09922
West Los Angeles College,15-16,True,True,2044.0,7.623153068476902,0.64478,10.02458,0.58268,0.06018,0.02006,0.09002
West Valley College,15-16,True,True,1880.0,7.53955882930103,0.71805,12.21117,0.7133,0.09628,0.11011,0.23777
Woodland Community College,15-16,True,True,817.0,6.706862336602747,0.67733,8.32497,0.62424,0.02815,0.03794,0.11628
Yuba College,15-16,True,True,1960.0,7.581209826196346,0.66727,10.37398,0.63469,0.05969,0.03673,0.14592
Allan Hancock College,16-17,True,True,2774.0,7.928406026180535,0.67308,11.96107,0.7062,0.09373,0.09445,0.13771
American River College,16-17,True,True,6092.0,8.714895850248494,0.71628,7.81327,0.6868,0.03234,0.03956,0.09537
Antelope Valley College,16-17,True,True,3559.0,8.177515823846075,0.68477,10.61042,0.72296,0.06912,0.06743,0.12925
Bakersfield College,16-17,True,True,5883.0,8.679992081721329,0.59993,9.23457,0.69318,0.04352,0.04012,0.12018
Barstow College,16-17,True,True,901.0,6.804614520062624,0.72603,11.78801,0.60599,0.0899,0.03996,0.1576
Berkeley City College,16-17,True,True,1482.0,7.301822342137932,0.62058,9.80331,0.58704,0.04049,0.12348,0.19568
Butte College,16-17,True,True,2765.0,7.925157512224703,0.68941,14.05036,0.7396,0.10597,0.10271,0.19277
Cabrillo College,16-17,True,True,2423.0,7.793174347189205,0.69791,11.66735,0.70532,0.07057,0.06934,0.14899
Canada College,16-17,True,True,1274.0,7.150701457592526,0.66592,7.66052,0.60832,0.05024,0.10832,0.13972
Cerritos College,16-17,True,True,4926.0,8.502485562543963,0.67143,10.12698,0.73346,0.05258,0.03329,0.11713
Cerro Coso Community College,16-17,True,True,1170.0,7.065613363597717,0.64984,8.42479,0.4735,0.04359,0.03333,0.09915
Chabot College,16-17,True,True,3259.0,8.089482474360754,0.65856,9.53498,0.66217,0.05891,0.06413,0.14237
Chaffey College,16-17,True,True,6105.0,8.717027173294824,0.65126,10.83931,0.72154,0.05127,0.04242,0.12465
Citrus College,16-17,True,True,3096.0,8.038189179973203,0.6831,12.96867,0.76324,0.11757,0.07687,0.18346
City College of San Francisco,16-17,True,True,4433.0,8.397057390176256,0.74237,10.20708,0.63388,0.06,0.05436,0.134
Clovis Community College,16-17,True,True,2040.0,7.621195162809845,0.70775,14.23701,0.725,0.13578,0.16471,0.29412
Coalinga College,16-17,True,True,1240.0,7.123672785204607,0.65759,9.82177,0.69274,0.0371,0.05887,0.19194
Coastline Community College,16-17,True,True,2586.0,7.8582541821860294,0.58433,6.20476,0.45592,0.02011,0.02243,0.0611
College of Alameda,16-17,True,True,1087.0,6.992096427415888,0.69638,8.0299,0.51978,0.03036,0.08648,0.14351
College of Marin,16-17,True,True,1187.0,7.080026499922591,0.71359,8.93892,0.62089,0.05223,0.05644,0.15586
College of San Mateo,16-17,True,True,2196.0,7.69484807238461,0.70203,12.45993,0.71676,0.09927,0.13752,0.21357
College of the Canyons,16-17,True,True,4084.0,8.315077007294104,0.71019,13.42184,0.71254,0.11263,0.12218,0.2047
College of the Desert,16-17,True,True,2874.0,7.963807953231451,0.67331,10.50887,0.70633,0.04523,0.02749,0.12665
College of the Redwoods,16-17,True,True,1133.0,7.033506484287697,0.64671,11.86717,0.66549,0.07326,0.05119,0.11121
College of the Sequoias,16-17,True,True,3396.0,8.130647968160584,0.68921,13.12161,0.70878,0.09276,0.06419,0.154
College of the Siskiyous,16-17,True,True,505.0,6.226536669287466,0.67829,13.10891,0.59604,0.12277,0.1802,0.16634
Columbia College,16-17,True,True,835.0,6.728628613084702,0.71057,11.80659,0.60599,0.08503,0.05509,0.13533
Compton College,16-17,True,True,1392.0,7.239214973779806,0.63921,9.15266,0.56753,0.04813,0.02299,0.08046
Contra Costa College,16-17,True,True,1241.0,7.124478262493424,0.65438,7.49257,0.60677,0.02498,0.04593,0.09589
Copper Mountain College,16-17,True,True,512.0,6.240275845170769,0.72036,8.37238,0.63477,0.0332,0.06445,0.14063
Cosumnes River College,16-17,True,True,3407.0,8.133880887949207,0.64,10.04814,0.69592,0.05107,0.05107,0.145
Crafton Hills College,16-17,True,True,1432.0,7.267525427828172,0.69796,11.21753,0.70042,0.06355,0.07472,0.17528
Cuesta College,16-17,True,True,2174.0,7.684783943522785,0.66917,13.23183,0.68767,0.11178,0.11454,0.19917
Cuyamaca College,16-17,True,True,2110.0,7.65491704784832,0.72145,8.491,0.65592,0.02322,0.11706,0.17915
Cypress College,16-17,True,True,3291.0,8.09925056179696,0.70829,10.60605,0.73108,0.04588,0.07201,0.16408
De Anza College,16-17,True,False,5687.0,8.646113971483077,0.78476,nan,0.77721,nan,0.13698,0.24477
Diablo Valley College,16-17,True,True,4714.0,8.458504195067558,0.73843,15.04883,0.7378,0.1661,0.15655,0.25753
East Los Angeles College,16-17,True,True,6285.0,8.746080217357513,0.66369,10.28321,0.61973,0.06555,0.028,0.08194
El Camino College,16-17,True,True,5659.0,8.641179171197228,0.68969,12.86694,0.73087,0.10638,0.09913,0.17212
Evergreen Valley College,16-17,True,True,2311.0,7.7458682297922685,0.68616,7.48572,0.68801,0.03072,0.06794,0.13717
Feather River College,16-17,True,True,465.0,6.144185634125646,0.83826,13.72366,0.5957,0.16989,0.13548,0.20645
Folsom Lake College,16-17,True,True,2382.0,7.776115477098742,0.73129,10.73825,0.65995,0.05626,0.07767,0.18682
Foothill College,16-17,True,False,3140.0,8.052296499538647,0.78667,nan,0.64904,nan,0.14427,0.16178
Fresno City College,16-17,True,True,5620.0,8.634264863002075,0.60267,10.79431,0.64591,0.06868,0.06423,0.13007
Fullerton College,16-17,True,True,5828.0,8.67060073804555,0.6447,10.86968,0.72718,0.0664,0.11548,0.17708
Gavilan College,16-17,True,True,1388.0,7.236339342754344,0.64989,9.17759,0.64841,0.05548,0.06412,0.14481
Glendale Community College,16-17,True,True,3992.0,8.292298107063221,0.73013,13.47169,0.7505,0.13702,0.1022,0.21042
Golden West College,16-17,True,True,2595.0,7.86172707782398,0.66115,11.46561,0.68786,0.07746,0.11329,0.18844
Grossmont College,16-17,True,True,4335.0,8.374707543119483,0.67587,10.8534,0.71488,0.04752,0.09343,0.15894
Hartnell College,16-17,True,True,2974.0,7.99799931797973,0.71579,10.74835,0.60625,0.09247,0.07801,0.1577
Imperial Valley College,16-17,True,True,2365.0,7.768956044538332,0.69318,11.89619,0.77548,0.09514,0.04989,0.13953
Irvine Valley College,16-17,True,True,3576.0,8.182279739259018,0.71251,14.25573,0.77545,0.15185,0.16191,0.25308
Lake Tahoe Community College,16-17,True,False,597.0,6.393590753950631,0.69262,nan,0.50419,nan,0.03518,0.0804
Laney College,16-17,True,True,2118.0,7.6586995582682995,0.66543,7.56303,0.54297,0.03399,0.03872,0.1034
Las Positas College,16-17,True,True,2408.0,7.786967002614872,0.7125,11.65357,0.7309,0.08513,0.13621,0.23671
Lassen College,16-17,True,True,1391.0,7.238496840894365,0.70254,5.89684,0.26887,0.0381,0.02229,0.0417
Lemoore College,16-17,True,True,1245.0,7.1276936993473985,0.71728,13.20241,0.73253,0.10843,0.07711,0.18635
Long Beach City College,16-17,True,True,5714.0,8.65084957622891,0.58876,9.98512,0.72419,0.0497,0.0567,0.11901
Los Angeles City College,16-17,True,True,2616.0,7.869783902530146,0.66485,9.3685,0.56537,0.04893,0.02255,0.08257
Los Angeles Harbor College,16-17,True,True,1724.0,7.45298232946546,0.65363,10.97912,0.64849,0.07425,0.0435,0.12471
Los Angeles ITV,16-17,False,False,182.0,5.209486152841421,0.59353,3.43956,0.17033,0.0,nan,nan
Los Angeles Mission College,16-17,True,True,1972.0,7.587310506022615,0.64009,9.00659,0.61105,0.04006,0.03043,0.09077
Los Angeles Pierce College,16-17,True,True,4640.0,8.442685139241176,0.69671,11.72166,0.67694,0.08448,0.0444,0.17069
Los Angeles Southwest College,16-17,True,True,1110.0,7.01301578963963,0.57885,8.69685,0.54505,0.05495,0.01441,0.07748
Los Angeles Trade-Tech College,16-17,True,True,3468.0,8.15162164696975,0.65541,7.54181,0.46396,0.02191,0.00404,0.02307
Los Angeles Valley College,16-17,True,True,3571.0,8.18088094199639,0.66444,9.60193,0.60151,0.05069,0.03472,0.12938
Los Medanos College,16-17,True,True,2411.0,7.788211557847076,0.67505,10.91373,0.64662,0.05807,0.12775,0.15305
Mendocino College,16-17,True,True,1019.0,6.927557906278317,0.69967,10.42002,0.57213,0.06575,0.04416,0.09912
Merced College,16-17,True,True,2835.0,7.950149887652018,0.64699,9.62822,0.72487,0.05996,0.07231,0.15062
Merritt College,16-17,True,True,1190.0,7.0825485693553,0.61064,6.76261,0.49328,0.01261,0.04034,0.09328
MiraCosta College,16-17,True,True,3408.0,8.134174272137903,0.71822,12.83289,0.72506,0.08627,0.10974,0.21978
Mission College,16-17,True,True,1664.0,7.417580402414544,0.76225,8.20042,0.58233,0.03666,0.05529,0.12019
Modesto Junior College,16-17,True,True,4812.0,8.47907586930311,0.66056,11.91241,0.71135,0.08707,0.0212,0.13965
Monterey Peninsula College,16-17,True,True,2171.0,7.683403681053826,0.71125,9.67227,0.49378,0.08936,0.06126,0.12897
Moorpark College,16-17,True,True,3494.0,8.15908865466791,0.74297,16.97152,0.79136,0.17373,0.17029,0.32656
Moreno Valley College,16-17,True,True,2299.0,7.7406644019172415,0.63348,8.95966,0.57938,0.04872,0.03393,0.12005
Mt. San Antonio College,16-17,True,True,6617.0,8.797548488481558,0.69079,11.38688,0.76787,0.07723,0.05728,0.16745
Mt. San Jacinto College,16-17,True,True,4573.0,8.428143374582726,0.65621,12.06932,0.71857,0.07129,0.08506,0.15373
Napa Valley College,16-17,True,True,1634.0,7.399398083331354,0.71502,10.02417,0.6683,0.0563,0.11812,0.16034
Norco College,16-17,True,True,2438.0,7.79934339821592,0.66806,10.63454,0.66653,0.06727,0.0726,0.16161
Ohlone College,16-17,True,True,2503.0,7.825644732219989,0.76398,11.45445,0.6648,0.09988,0.10308,0.21774
Orange Coast College,16-17,True,True,5265.0,8.569026340056254,0.68883,12.41434,0.76353,0.06933,0.12422,0.21842
Oxnard College,16-17,True,True,1556.0,7.350516171833998,0.68423,11.1099,0.69987,0.05784,0.08226,0.12596
Palo Verde College,16-17,True,False,1071.0,6.977281341630747,0.62907,6.29435,0.4127,0.02148,nan,0.01681
Palomar College,16-17,True,True,6147.0,8.723882104658486,0.67422,10.99829,0.66455,0.06751,0.04425,0.13242
Pasadena City College,16-17,True,True,6559.0,8.788745881938135,0.71679,15.21215,0.78899,0.16283,0.11313,0.22869
Porterville College,16-17,True,True,1111.0,7.013915474810528,0.68134,11.10666,0.70657,0.06751,0.09541,0.18092
Reedley College,16-17,True,True,3131.0,8.049427057110695,0.66467,11.76461,0.66337,0.08112,0.03992,0.15746
Rio Hondo College,16-17,True,True,4177.0,8.33758794211651,0.63968,9.76543,0.68757,0.0498,0.03783,0.11037
Riverside City College,16-17,True,True,5429.0,8.599694412927981,0.62672,10.07718,0.66826,0.06576,0.03813,0.13778
Sacramento City College,16-17,True,True,4511.0,8.414495793177895,0.62879,8.51175,0.57903,0.05076,0.03857,0.12237
Saddleback College,16-17,True,True,4632.0,8.440959885416648,0.72013,13.20137,0.72755,0.11766,0.09693,0.22841
San Bernardino Valley College,16-17,True,True,3128.0,8.048468743668883,0.63376,8.7329,0.66816,0.03932,0.02653,0.0876
San Diego City College,16-17,True,True,3644.0,8.201111644442758,0.66087,7.40862,0.60483,0.0225,0.05049,0.11169
San Diego Mesa College,16-17,True,True,4292.0,8.36474106822456,0.69509,10.63257,0.67707,0.05895,0.12022,0.2055
San Diego Miramar College,16-17,True,True,2766.0,7.925518979786926,0.74827,9.54559,0.63774,0.04772,0.12039,0.2086
San Joaquin Delta College,16-17,True,True,4446.0,8.399984990510696,0.6508,12.04431,0.7247,0.10121,0.04701,0.139
San Jose City College,16-17,True,True,1611.0,7.385230923066573,0.70147,8.53973,0.63811,0.04904,0.04593,0.09621
Santa Ana College,16-17,True,True,5319.0,8.57922858233569,0.63747,8.89535,0.56571,0.05791,0.05941,0.08629
Santa Barbara City College,16-17,True,True,3968.0,8.286269452783065,0.74028,15.97152,0.73236,0.15827,0.1313,0.22833
Santa Monica College,16-17,True,True,7774.0,8.958668737047434,0.68099,13.21051,0.75367,0.11963,0.09082,0.18498
Santa Rosa Junior College,16-17,True,True,4321.0,8.371473537066832,0.69234,12.50584,0.69637,0.09604,0.07869,0.1495
Santiago Canyon College,16-17,True,True,3023.0,8.014335737299424,0.65756,10.74704,0.72742,0.07244,0.13265,0.18889
Shasta College,16-17,True,True,2628.0,7.874358824729881,0.70167,9.37709,0.52245,0.06126,0.06202,0.13128
Sierra College,16-17,True,True,4560.0,8.4252971767117,0.71775,13.57763,0.73772,0.10285,0.15702,0.21908
Skyline College,16-17,True,True,1809.0,7.501082124259871,0.71944,12.26451,0.68712,0.09674,0.11056,0.20564
Solano Community College,16-17,True,True,2479.0,7.8160138391590275,0.66864,11.03328,0.64542,0.08269,0.10811,0.16458
Southwestern College,16-17,True,True,4905.0,8.498214224818435,0.66491,10.40632,0.72212,0.05443,0.04383,0.14128
Taft College,16-17,True,True,1300.0,7.170888478512505,0.7924,9.11365,0.49308,0.08154,0.03923,0.10538
Ventura College,16-17,True,True,3000.0,8.006700845440367,0.72171,14.95517,0.74633,0.13,0.13333,0.20367
Victor Valley College,16-17,True,True,3681.0,8.211211361793023,0.59795,10.38563,0.65281,0.06792,0.03233,0.10052
West Los Angeles College,16-17,True,True,1938.0,7.569927655242652,0.65644,9.61649,0.54696,0.06656,0.01806,0.09598
West Valley College,16-17,True,True,1787.0,7.488852955733459,0.70374,11.16144,0.68942,0.07722,0.11304,0.23951
Woodland Community College,16-17,True,True,1226.0,7.112327444710911,0.66554,7.31117,0.70718,0.01713,0.02529,0.10196
Yuba College,16-17,True,True,1648.0,7.407924322559599,0.66164,11.13198,0.66383,0.06857,0.03641,0.15291
Allan Hancock College,17-18,True,True,2567.0,7.850882664809852,0.65996,12.20725,0.6864,0.10557,0.10713,0.15037
American River College,17-18,True,True,6376.0,8.760453046315272,0.73349,8.08693,0.68915,0.03827,0.03999,0.10696
Antelope Valley College,17-18,True,True,3736.0,8.226038429485484,0.69528,10.64507,0.70664,0.06611,0.0621,0.12366
Bakersfield College,17-18,True,True,6002.0,8.700014623251842,0.61295,10.21293,0.70093,0.06931,0.04815,0.13246
Barstow College,17-18,True,True,800.0,6.68586094706836,0.72736,12.68813,0.62875,0.1125,0.085,0.17375
Berkeley City College,17-18,True,True,1272.0,7.149131598557407,0.65423,9.87814,0.58805,0.04245,0.1195,0.19182
Butte College,17-18,True,True,2500.0,7.824445930877619,0.67541,14.0397,0.6976,0.0956,0.118,0.1624
Cabrillo College,17-18,True,True,2381.0,7.775695749915245,0.69826,11.99423,0.71063,0.07308,0.06846,0.16086
Canada College,17-18,True,True,1111.0,7.013915474810528,0.66865,8.15212,0.60846,0.05851,0.12511,0.17192
Cerritos College,17-18,True,True,4809.0,8.478452363099807,0.66381,10.3482,0.72718,0.05802,0.04471,0.12477
Cerro Coso Community College,17-18,True,True,1314.0,7.181591944611865,0.67085,9.62253,0.51065,0.06469,0.03957,0.09361
Chabot College,17-18,True,True,3168.0,8.06117135969092,0.66836,9.61016,0.6774,0.05934,0.05997,0.14362
Chaffey College,17-18,True,True,5978.0,8.696008608880904,0.65347,10.76121,0.69237,0.06474,0.04667,0.12964
Citrus College,17-18,True,True,3219.0,8.077136638538454,0.69477,13.78844,0.74122,0.13948,0.10904,0.18795
City College of San Francisco,17-18,True,True,5597.0,8.630164670075398,0.72102,10.24781,0.61551,0.06986,0.06432,0.11488
Clovis Community College,17-18,True,True,2090.0,7.645397699428633,0.69181,13.0122,0.69234,0.111,0.15072,0.26507
Coalinga College,17-18,True,True,883.0,6.784457062637643,0.67742,11.61863,0.67724,0.08154,0.04417,0.21065
Coastline Community College,17-18,True,True,2269.0,7.727535110475448,0.65481,6.90436,0.46849,0.02512,0.02644,0.07272
College of Alameda,17-18,True,True,1025.0,6.933423025730715,0.65303,7.19512,0.49366,0.02927,0.07512,0.13854
College of Marin,17-18,True,True,1158.0,7.055312843339752,0.69157,9.23359,0.62435,0.05527,0.05786,0.14767
College of San Mateo,17-18,True,True,2103.0,7.651595573857601,0.70253,12.62435,0.68569,0.11365,0.15787,0.24631
College of the Canyons,17-18,True,True,3913.0,8.272315147956022,0.73286,16.04522,0.73524,0.18732,0.17199,0.24355
College of the Desert,17-18,True,True,3188.0,8.067462667010057,0.64071,10.58532,0.70263,0.05207,0.03733,0.12578
College of the Redwoods,17-18,True,True,990.0,6.898714534329988,0.67979,12.01616,0.65859,0.07374,0.06869,0.13131
College of the Sequoias,17-18,True,True,3488.0,8.157370441186774,0.69621,14.17274,0.72678,0.125,0.07511,0.18005
College of the Siskiyous,17-18,True,True,520.0,6.255750041753367,0.7111,15.04712,0.66346,0.15385,0.25577,0.20962
Columbia College,17-18,True,True,779.0,6.659293919683638,0.70539,10.53273,0.56483,0.07189,0.04365,0.12837
Compton College,17-18,True,True,1195.0,7.086737934510577,0.653,9.45941,0.559,0.06276,0.02427,0.07782
Contra Costa College,17-18,True,True,1321.0,7.186901020411631,0.63841,8.11213,0.57002,0.03709,0.05829,0.08933
Copper Mountain College,17-18,True,True,601.0,6.400257445308821,0.72797,8.37185,0.66722,0.03161,0.05491,0.18968
Cosumnes River College,17-18,True,True,3274.0,8.094073148069352,0.64799,10.31261,0.67776,0.05315,0.05864,0.15791
Crafton Hills College,17-18,True,True,1700.0,7.438971592395862,0.67488,10.99603,0.67353,0.07059,0.10412,0.18059
Cuesta College,17-18,True,True,2148.0,7.67275789664251,0.67915,13.59101,0.68948,0.11918,0.12337,0.17039
Cuyamaca College,17-18,True,True,2015.0,7.60887062919126,0.72813,8.91042,0.64516,0.02481,0.15186,0.18213
Cypress College,17-18,True,True,3176.0,8.063692634269517,0.70097,11.36555,0.75378,0.05856,0.08596,0.17758
De Anza College,17-18,True,False,5106.0,8.538367426647644,0.79309,nan,0.76185,nan,0.16725,0.26126
Diablo Valley College,17-18,True,True,4793.0,8.475120414994329,0.7351,14.94824,0.73545,0.16816,0.17797,0.26831
East Los Angeles College,17-18,True,True,8710.0,9.072341873818893,0.66098,9.46389,0.60758,0.05063,0.02113,0.10195
El Camino College,17-18,True,True,5473.0,8.607764889600624,0.6994,13.71752,0.73762,0.13521,0.12187,0.1882
Evergreen Valley College,17-18,True,True,2435.0,7.798112628829788,0.69071,8.17474,0.69938,0.04107,0.09363,0.15893
Feather River College,17-18,True,True,510.0,6.236369590203704,0.78755,12.25098,0.56863,0.13333,0.10784,0.17843
Folsom Lake College,17-18,True,True,2412.0,7.7886260656250315,0.74817,10.88433,0.66003,0.06302,0.08582,0.20191
Foothill College,17-18,True,False,3013.0,8.01102337918644,0.79791,nan,0.61401,nan,0.15002,0.17723
Fresno City College,17-18,True,True,5743.0,8.65591111072806,0.58811,11.5518,0.66707,0.08985,0.09037,0.15079
Fullerton College,17-18,True,True,5706.0,8.649448770536708,0.6444,11.52567,0.74465,0.07694,0.13389,0.18717
Gavilan College,17-18,True,True,1220.0,7.107425474110705,0.66224,10.20451,0.66557,0.07049,0.0877,0.16885
Glendale Community College,17-18,True,True,3770.0,8.235095497258357,0.73148,13.04549,0.73714,0.12706,0.10531,0.20955
Golden West College,17-18,True,True,2659.0,7.886081401775745,0.67721,11.94067,0.70402,0.07296,0.14404,0.20346
Grossmont College,17-18,True,True,4389.0,8.387084506069217,0.6975,10.63557,0.70016,0.0458,0.09228,0.1686
Hartnell College,17-18,True,True,2874.0,7.963807953231451,0.7166,10.10442,0.54593,0.09743,0.07307,0.13814
Imperial Valley College,17-18,True,True,2395.0,7.78155595923534,0.72527,13.48559,0.78747,0.12484,0.04718,0.16159
Irvine Valley College,17-18,True,True,3470.0,8.152198015861787,0.71753,15.15403,0.76657,0.17176,0.19971,0.30576
Lake Tahoe Community College,17-18,True,False,601.0,6.400257445308821,0.69805,nan,0.56905,nan,0.0416,0.1015
Laney College,17-18,True,True,1900.0,7.550135342488429,0.68638,7.46526,0.54,0.03632,0.04105,0.10105
Las Positas College,17-18,True,True,2372.0,7.771910256435763,0.70727,12.02719,0.71501,0.0957,0.15051,0.25632
Lassen College,17-18,True,True,1578.0,7.364547014255642,0.72469,5.891,0.25475,0.04119,0.02345,0.04246
Lemoore College,17-18,True,True,1059.0,6.966024187106113,0.68893,12.91313,0.68272,0.12748,0.08499,0.18602
Long Beach City College,17-18,True,True,5489.0,8.610683534503575,0.59219,10.82811,0.72636,0.06905,0.06486,0.12443
Los Angeles City College,17-18,True,True,4261.0,8.357493812658563,0.66521,9.08601,0.57803,0.03497,0.02136,0.11805
Los Angeles Harbor College,17-18,True,True,2431.0,7.796469243086058,0.68177,14.04813,0.70917,0.13451,0.08227,0.18387
Los Angeles ITV,17-18,False,False,138.0,4.9344739331306915,0.58421,3.64493,0.13043,nan,nan,0.18841
Los Angeles Mission College,17-18,True,True,2943.0,7.987524479848767,0.63587,9.07204,0.61162,0.04213,0.03806,0.11417
Los Angeles Pierce College,17-18,True,True,5125.0,8.542080906924017,0.68049,12.24429,0.6802,0.08683,0.06029,0.21756
Los Angeles Southwest College,17-18,True,True,1601.0,7.379008127628304,0.61722,10.82573,0.58276,0.09681,0.02561,0.15365
Los Angeles Trade-Tech College,17-18,True,True,4494.0,8.410720946905721,0.67805,7.53805,0.52937,0.02314,0.00445,0.0563
Los Angeles Valley College,17-18,True,True,3895.0,8.267705664762426,0.68183,11.68626,0.65186,0.08447,0.03748,0.16534
Los Medanos College,17-18,True,True,2487.0,7.81923445385907,0.68,10.85525,0.64616,0.06433,0.16486,0.15601
Mendocino College,17-18,True,True,911.0,6.815639990074331,0.6968,10.83919,0.59495,0.07684,0.05818,0.07574
Merced College,17-18,True,True,3387.0,8.127995055771946,0.63614,9.78285,0.6395,0.06525,0.07056,0.14969
Merritt College,17-18,True,True,1070.0,6.976348070447749,0.61797,7.07477,0.50374,0.01308,0.03832,0.08131
MiraCosta College,17-18,True,True,3335.0,8.112527763478637,0.69167,12.96882,0.70705,0.10015,0.11364,0.21739
Mission College,17-18,True,True,1727.0,7.454719949364001,0.77858,11.10857,0.6381,0.08975,0.07817,0.16329
Modesto Junior College,17-18,True,True,4548.0,8.422662707570003,0.64933,11.46911,0.70646,0.08245,0.01913,0.13588
Monterey Peninsula College,17-18,True,True,1642.0,7.404279118037268,0.68173,10.86632,0.59562,0.08587,0.07552,0.16139
Moorpark College,17-18,True,True,3481.0,8.155362120328135,0.75508,17.2528,0.78943,0.19362,0.18156,0.34645
Moreno Valley College,17-18,True,True,2459.0,7.807916628926408,0.58444,9.47265,0.54453,0.05897,0.061,0.11427
Mt. San Antonio College,17-18,True,True,6540.0,8.785845337961213,0.69439,12.06881,0.76223,0.0922,0.0708,0.17156
Mt. San Jacinto College,17-18,True,True,4414.0,8.392763113038061,0.67243,12.5973,0.70775,0.07544,0.09832,0.15383
Napa Valley College,17-18,True,True,1435.0,7.269616749608169,0.73462,10.74251,0.6878,0.05993,0.1115,0.15122
Norco College,17-18,True,True,2530.0,7.836369760545124,0.65172,11.04605,0.64545,0.07036,0.11383,0.17036
Ohlone College,17-18,True,True,2059.0,7.630461261783627,0.74184,12.88635,0.73579,0.13502,0.1355,0.25255
Orange Coast College,17-18,True,True,5158.0,8.54849804124465,0.70143,12.76832,0.7594,0.0853,0.14909,0.22935
Oxnard College,17-18,True,True,1714.0,7.44716835960004,0.68477,12.36698,0.70887,0.08343,0.09452,0.16278
Palo Verde College,17-18,True,False,1259.0,7.138866999945524,0.69549,5.5977,0.38125,0.01589,nan,0.01112
Palomar College,17-18,True,True,5987.0,8.69751274553952,0.64692,11.41557,0.65375,0.08134,0.07466,0.16068
Pasadena City College,17-18,True,True,6480.0,8.776630098427717,0.71234,15.4787,0.76713,0.17377,0.14614,0.2466
Porterville College,17-18,True,True,1083.0,6.988413181999592,0.69203,12.07387,0.73038,0.09418,0.10803,0.1819
Reedley College,17-18,True,True,3168.0,8.06117135969092,0.6374,12.26768,0.68876,0.09817,0.05366,0.19697
Rio Hondo College,17-18,True,True,4195.0,8.341886969516187,0.63136,10.01856,0.68296,0.06103,0.06293,0.10298
Riverside City College,17-18,True,True,5564.0,8.624252263709645,0.60835,10.99272,0.6569,0.08771,0.08645,0.14863
Sacramento City College,17-18,True,True,4670.0,8.449128460502108,0.67055,8.994,0.57024,0.05675,0.03833,0.12827
Saddleback College,17-18,True,True,4370.0,8.382747094863314,0.73039,13.81042,0.72883,0.13249,0.12197,0.24989
San Bernardino Valley College,17-18,True,True,3408.0,8.134174272137903,0.63644,9.44704,0.64701,0.05164,0.02582,0.09155
San Diego City College,17-18,True,True,3359.0,8.11969625295725,0.67119,8.07324,0.61298,0.0265,0.05389,0.117
San Diego Mesa College,17-18,True,True,4161.0,8.33375100695358,0.69164,11.12509,0.65826,0.07763,0.13218,0.21149
San Diego Miramar College,17-18,True,True,2990.0,8.003363058629947,0.76457,9.89582,0.62174,0.05686,0.13244,0.21438
San Joaquin Delta College,17-18,True,True,4611.0,8.436416881388949,0.633,12.43212,0.72674,0.108,0.06398,0.13533
San Jose City College,17-18,True,True,2312.0,7.746300662231439,0.72117,7.66133,0.57569,0.03374,0.04542,0.09429
Santa Ana College,17-18,True,True,5432.0,8.600246746551523,0.63163,8.80877,0.5486,0.06591,0.06904,0.09554
Santa Barbara City College,17-18,True,True,3899.0,8.268731832117737,0.7449,16.9258,0.74506,0.19261,0.14953,0.24211
Santa Monica College,17-18,True,True,7110.0,8.869398159883518,0.69981,14.21828,0.74684,0.14051,0.09494,0.20942
Santa Rosa Junior College,17-18,True,True,4142.0,8.329175442077402,0.70205,13.15029,0.69435,0.1113,0.0845,0.16924
Santiago Canyon College,17-18,True,True,3340.0,8.114025442356757,0.70115,11.32168,0.72006,0.08653,0.12994,0.19641
Shasta College,17-18,True,True,3885.0,8.265135629937385,0.69119,8.5,0.47928,0.06692,0.04813,0.11969
Sierra College,17-18,True,True,4642.0,8.443115988019922,0.71591,13.82691,0.72878,0.11676,0.16286,0.22361
Skyline College,17-18,True,True,1810.0,7.501634457883413,0.72699,14.86878,0.71381,0.16133,0.17182,0.23481
Solano Community College,17-18,True,True,2301.0,7.741533589281828,0.66011,11.3518,0.62451,0.09213,0.10995,0.15472
Southwestern College,17-18,True,True,5141.0,8.545197387825835,0.66734,11.03112,0.72768,0.05991,0.05583,0.15114
Taft College,17-18,True,True,1301.0,7.171656822768514,0.79437,10.86914,0.51268,0.1153,0.04612,0.12759
Ventura College,17-18,True,True,2858.0,7.958227192322312,0.72051,14.68789,0.72358,0.14066,0.15955,0.21519
Victor Valley College,17-18,True,True,3792.0,8.2409125416889,0.61741,9.8746,0.66007,0.05775,0.0385,0.10839
West Los Angeles College,17-18,True,True,2645.0,7.880804344674901,0.6551,9.43365,0.55766,0.062,0.03138,0.1225
West Valley College,17-18,True,True,1908.0,7.554334823725748,0.71625,13.67977,0.71541,0.13522,0.12579,0.24266
Woodland Community College,17-18,True,True,877.0,6.777646593635117,0.67236,9.96294,0.64994,0.04789,0.05473,0.13797
Yuba College,17-18,True,True,1314.0,7.181591944611865,0.66869,11.32192,0.69178,0.06697,0.05708,0.121
Allan Hancock College,18-19,True,True,2691.0,7.898039690764619,0.62893,13.55871,0.699,0.13638,0.14233,0.15013
American River College,18-19,True,True,6401.0,8.764365720529808,0.7215,9.38657,0.70239,0.04312,0.07202,0.11311
Antelope Valley College,18-19,True,True,3650.0,8.202756381655638,0.68959,12.33555,0.72,0.09452,0.08685,0.13589
Bakersfield College,18-19,True,True,6361.0,8.758098072309089,0.58869,11.51965,0.68527,0.08568,0.06477,0.13111
Barstow College,18-19,True,True,864.0,6.762729506931879,0.73324,13.0353,0.58333,0.13079,0.05324,0.15046
Berkeley City College,18-19,True,True,1125.0,7.026426808699636,0.69116,9.35778,0.59644,0.04711,0.16444,0.19644
Butte College,18-19,True,True,2545.0,7.842278779117352,0.71779,15.91847,0.71866,0.13831,0.16621,0.19136
Cabrillo College,18-19,True,True,2188.0,7.691200097522863,0.68087,12.25663,0.71161,0.08867,0.12066,0.17687
Canada College,18-19,True,True,1163.0,7.059617628291383,0.63985,8.82072,0.62855,0.07137,0.12296,0.16681
Cerritos College,18-19,True,True,5748.0,8.656781205623291,0.66444,10.54602,0.70877,0.0715,0.06176,0.11952
Cerro Coso Community College,18-19,True,True,1319.0,7.1853870155804165,0.68172,10.1323,0.5163,0.06596,0.03639,0.07657
Chabot College,18-19,True,True,3167.0,8.060855752934316,0.6777,10.30423,0.66277,0.07452,0.07736,0.15093
Chaffey College,18-19,True,True,5676.0,8.644178203170727,0.63975,10.31091,0.68428,0.04228,0.04845,0.12421
Citrus College,18-19,True,True,3037.0,8.018954683155718,0.67607,15.82828,0.73625,0.18736,0.20119,0.20053
City College of San Francisco,18-19,True,True,5139.0,8.544808358449211,0.69642,10.72864,0.60615,0.08757,0.08932,0.13719
Clovis Community College,18-19,True,True,2017.0,7.609862200913554,0.68413,12.95464,0.68765,0.118,0.20724,0.26227
Coalinga College,18-19,True,True,1170.0,7.065613363597717,0.72177,12.05726,0.6812,0.08547,0.05897,0.19658
Coastline Community College,18-19,True,True,2048.0,7.6251071482389,0.66992,6.89526,0.47314,0.02295,0.03369,0.08105
College of Alameda,18-19,True,True,953.0,6.860663671448287,0.66441,7.33998,0.51522,0.03463,0.16999,0.16999
College of Marin,18-19,True,True,1116.0,7.018401799069201,0.68999,9.61335,0.62993,0.06183,0.06272,0.15502
College of San Mateo,18-19,True,True,2042.0,7.622174594817622,0.68174,12.99167,0.70911,0.11312,0.1714,0.2522
College of the Canyons,18-19,True,True,3993.0,8.29254851397576,0.7355,16.94235,0.73003,0.2026,0.19083,0.23666
College of the Desert,18-19,True,True,3219.0,8.077136638538454,0.64939,12.2361,0.71606,0.07518,0.03138,0.1516
College of the Redwoods,18-19,True,True,1259.0,7.138866999945524,0.66306,13.24861,0.62828,0.10961,0.10326,0.12708
College of the Sequoias,18-19,True,True,3437.0,8.142645185942795,0.71629,15.7991,0.73582,0.16177,0.09078,0.17806
College of the Siskiyous,18-19,True,True,438.0,6.0844994130751715,0.69415,15.07763,0.67123,0.121,0.24201,0.20091
Columbia College,18-19,True,True,915.0,6.82001636467413,0.69164,12.34426,0.64699,0.10383,0.09836,0.14317
Compton College,18-19,True,True,1011.0,6.919683849847411,0.59946,9.56182,0.53215,0.05341,0.04055,0.09397
Contra Costa College,18-19,True,True,1507.0,7.318539548567902,0.64571,9.13088,0.58261,0.06171,0.09224,0.10617
Copper Mountain College,18-19,True,True,480.0,6.175867270105761,0.68935,9.24235,0.59167,0.04375,0.07917,0.13333
Cosumnes River College,18-19,True,True,3358.0,8.119398589612294,0.66175,11.15863,0.68076,0.06909,0.11554,0.19089
Crafton Hills College,18-19,True,True,1666.0,7.418780882750794,0.67593,11.57023,0.67107,0.06783,0.12245,0.17467
Cuesta College,18-19,True,True,2275.0,7.730174795246222,0.67165,13.96352,0.68923,0.13407,0.16396,0.18374
Cuyamaca College,18-19,True,True,1633.0,7.3987862754199485,0.72098,9.49878,0.59951,0.03797,0.19167,0.15554
Cypress College,18-19,True,True,3364.0,8.121183242078828,0.69237,12.55455,0.73514,0.08799,0.11177,0.18757
De Anza College,18-19,True,False,4997.0,8.516793111394898,0.79169,nan,0.78627,nan,0.26856,0.29478
Diablo Valley College,18-19,True,True,4727.0,8.461257559085935,0.74412,15.15773,0.72477,0.17538,0.19145,0.2674
East Los Angeles College,18-19,True,True,5411.0,8.59637398929068,0.6104,11.88824,0.64387,0.08908,0.06117,0.10663
El Camino College,18-19,True,True,5249.0,8.565983355585669,0.68055,13.71595,0.74548,0.12841,0.1566,0.19451
Evergreen Valley College,18-19,True,True,2446.0,7.802618063442671,0.66879,9.79027,0.70319,0.06173,0.14309,0.18316
Feather River College,18-19,True,True,523.0,6.261491684321042,0.8082,13.83174,0.60421,0.13767,0.10899,0.16635
Folsom Lake College,18-19,True,True,2437.0,7.798933310041217,0.72732,12.16844,0.65654,0.09151,0.15183,0.22979
Foothill College,18-19,True,False,2767.0,7.92588031673756,0.76344,nan,0.62667,nan,0.18865,0.16805
Fresno City College,18-19,True,True,5173.0,8.551401362745974,0.58612,11.06428,0.65726,0.08564,0.09163,0.12991
Fullerton College,18-19,True,True,5276.0,8.571113033405668,0.64628,12.63069,0.73199,0.09268,0.15258,0.19541
Gavilan College,18-19,True,True,1326.0,7.190676034332207,0.67201,10.94231,0.62821,0.07843,0.11916,0.15234
Glendale Community College,18-19,True,True,3532.0,8.169902647359145,0.73895,15.32078,0.75481,0.17242,0.12514,0.24292
Golden West College,18-19,True,True,2779.0,7.930206206684683,0.68646,12.83861,0.68622,0.10471,0.17524,0.20655
Grossmont College,18-19,True,True,4138.0,8.328209491748732,0.66616,11.7268,0.70662,0.06066,0.15732,0.17738
Hartnell College,18-19,True,True,3122.0,8.046549357283078,0.68689,10.00128,0.53203,0.09641,0.12492,0.11819
Imperial Valley College,18-19,True,True,2341.0,7.758760544157663,0.70361,14.48633,0.79624,0.14908,0.0645,0.16275
Irvine Valley College,18-19,True,True,3526.0,8.168202930236053,0.73427,16.00794,0.78049,0.18888,0.2405,0.30573
Lake Tahoe Community College,18-19,True,False,693.0,6.542471960506805,0.70859,nan,0.557,nan,0.04473,0.08658
Laney College,18-19,True,True,1703.0,7.440733707389261,0.68241,6.58779,0.53553,0.02995,0.06753,0.101
Las Positas College,18-19,True,True,2299.0,7.7406644019172415,0.73456,13.32536,0.74511,0.12266,0.19052,0.2575
Lassen College,18-19,True,True,1645.0,7.406103381237015,0.72766,5.86201,0.25228,0.03404,0.02675,0.03465
Lemoore College,18-19,True,True,1163.0,7.059617628291383,0.69601,13.73603,0.6896,0.13328,0.1178,0.22098
Long Beach City College,18-19,True,True,5048.0,8.526945482858915,0.59283,11.58459,0.7082,0.08023,0.07726,0.11965
Los Angeles City College,18-19,True,True,2466.0,7.810758116529357,0.64255,10.81204,0.59651,0.06326,0.04582,0.10949
Los Angeles Harbor College,18-19,True,True,1592.0,7.373374309910049,0.64816,11.97048,0.69095,0.07098,0.12249,0.16018
Los Angeles ITV,18-19,False,False,92.0,4.532599493153256,0.50435,2.3913,nan,0.0,nan,0.1413
Los Angeles Mission College,18-19,True,True,1903.0,7.55171221535131,0.59254,9.94561,0.6248,0.03731,0.07357,0.09354
Los Angeles Pierce College,18-19,True,True,4140.0,8.328692583545568,0.68273,13.58551,0.71377,0.13213,0.10338,0.2087
Los Angeles Southwest College,18-19,True,True,1102.0,7.005789019253503,0.57996,8.82577,0.52632,0.05445,0.03993,0.098
Los Angeles Trade-Tech College,18-19,True,True,2946.0,7.988542982737695,0.6626,9.09997,0.53598,0.03462,0.01969,0.03971
Los Angeles Valley College,18-19,True,True,3298.0,8.101374671228582,0.66064,11.22332,0.63129,0.08005,0.05488,0.15797
Los Medanos College,18-19,True,True,2529.0,7.835974581721566,0.68089,12.04429,0.66509,0.07948,0.22183,0.172
Mendocino College,18-19,True,True,875.0,6.775366090936392,0.67887,10.44229,0.55771,0.06857,0.072,0.07771
Merced College,18-19,True,True,2937.0,7.9854843567338225,0.64246,12.01583,0.6871,0.10521,0.10453,0.13892
Merritt College,18-19,True,True,938.0,6.844815479208263,0.621,7.13699,0.50426,0.02026,0.06077,0.10448
MiraCosta College,18-19,True,True,3081.0,8.033334015880062,0.70339,13.90133,0.73223,0.111,0.13859,0.22882
Mission College,18-19,True,True,1677.0,7.425357887027151,0.77536,9.95796,0.59273,0.07215,0.09839,0.14431
Modesto Junior College,18-19,True,True,4814.0,8.479491324232226,0.6398,11.86041,0.7017,0.09576,0.03614,0.14562
Monterey Peninsula College,18-19,True,True,1512.0,7.321849713788356,0.67158,11.45866,0.61574,0.10516,0.09524,0.17923
Moorpark College,18-19,True,True,3445.0,8.144969417087875,0.74837,17.47816,0.79129,0.19913,0.18578,0.33933
Moreno Valley College,18-19,True,True,2611.0,7.867871490396322,0.61598,12.81999,0.61011,0.12026,0.08809,0.12907
Mt. San Antonio College,18-19,True,True,6334.0,8.75384509275524,0.68659,14.66404,0.77518,0.1402,0.12867,0.20224
Mt. San Jacinto College,18-19,True,True,4737.0,8.463370384718731,0.62974,11.2985,0.67532,0.06565,0.13616,0.15326
Napa Valley College,18-19,True,True,1269.0,7.146772179452637,0.72656,10.75296,0.66588,0.07171,0.12924,0.16785
Norco College,18-19,True,True,2402.0,7.784473235736469,0.66725,11.29621,0.65862,0.0766,0.13614,0.17361
Ohlone College,18-19,True,True,2099.0,7.649692623711514,0.76596,14.78394,0.76608,0.15007,0.24011,0.30491
Orange Coast College,18-19,True,True,4700.0,8.45553053102413,0.70173,13.29309,0.75511,0.0934,0.16149,0.23894
Oxnard College,18-19,True,True,1807.0,7.4999765409521215,0.67364,13.17598,0.71776,0.11511,0.15551,0.15329
Palo Verde College,18-19,True,False,950.0,6.85751406254539,0.64182,7.38921,0.50105,0.02,nan,0.01368
Palomar College,18-19,True,True,6153.0,8.724857555881988,0.64845,12.1778,0.6665,0.08922,0.08045,0.16724
Pasadena City College,18-19,True,True,6001.0,8.699848026000312,0.71002,16.7932,0.76054,0.20463,0.21263,0.26112
Porterville College,18-19,True,True,1185.0,7.078341579557671,0.71212,14.61013,0.73755,0.14937,0.15612,0.18143
Reedley College,18-19,True,True,2580.0,7.855932199718614,0.63732,12.04302,0.67674,0.09225,0.09961,0.16434
Rio Hondo College,18-19,True,True,4248.0,8.354438940114811,0.60625,10.49543,0.68456,0.07745,0.08522,0.1064
Riverside City College,18-19,True,True,5778.0,8.661985936317778,0.61205,11.58749,0.67117,0.10107,0.08861,0.14676
Sacramento City College,18-19,True,True,4681.0,8.451480648050856,0.65173,9.3965,0.56099,0.05725,0.08716,0.13459
Saddleback College,18-19,True,True,4424.0,8.39502555744203,0.74863,15.13205,0.73418,0.16614,0.15054,0.26401
San Bernardino Valley College,18-19,True,True,3347.0,8.116118431609365,0.63365,9.10592,0.64954,0.0499,0.02181,0.08515
San Diego City College,18-19,True,True,2968.0,7.99598047476376,0.68412,8.9717,0.58827,0.03706,0.06098,0.12972
San Diego Mesa College,18-19,True,True,4009.0,8.296546520300614,0.68583,12.07845,0.66201,0.08955,0.17785,0.20703
San Diego Miramar College,18-19,True,True,2696.0,7.89989532313973,0.76788,10.96068,0.63947,0.07344,0.15912,0.2411
San Joaquin Delta College,18-19,True,True,4622.0,8.438799123988225,0.63009,12.9987,0.7116,0.12505,0.06383,0.15405
San Jose City College,18-19,True,True,1841.0,7.518607216815252,0.70603,9.10185,0.56437,0.06355,0.07659,0.11081
Santa Ana College,18-19,True,True,5402.0,8.594709633844065,0.63601,9.36248,0.54535,0.07201,0.07775,0.09626
Santa Barbara City College,18-19,True,True,3696.0,8.215276958936633,0.7299,17.63642,0.75893,0.22132,0.17911,0.24946
Santa Monica College,18-19,True,True,7029.0,8.857941984804711,0.69517,15.54481,0.75317,0.16546,0.10713,0.2134
Santa Rosa Junior College,18-19,True,True,4105.0,8.32020459757888,0.69835,13.19478,0.69793,0.12107,0.08551,0.17004
Santiago Canyon College,18-19,True,True,2686.0,7.8961806086154915,0.67505,12.86962,0.69769,0.12807,0.17349,0.2178
Shasta College,18-19,True,True,1732.0,7.457609289715606,0.65633,13.18764,0.65127,0.11432,0.0791,0.12702
Sierra College,18-19,True,True,4740.0,8.464003362902119,0.70918,15.04873,0.73523,0.15443,0.17764,0.22743
Skyline College,18-19,True,True,1622.0,7.392031567514591,0.72451,15.21486,0.7016,0.17263,0.19297,0.22626
Solano Community College,18-19,True,True,2327.0,7.752764808851328,0.68506,12.44284,0.63902,0.10142,0.13236,0.17061
Southwestern College,18-19,True,True,5575.0,8.62622695244036,0.68379,10.93731,0.68753,0.0678,0.073,0.1435
Taft College,18-19,True,True,1192.0,7.084226422097916,0.75824,10.71141,0.49581,0.10654,0.04698,0.11326
Ventura College,18-19,True,True,2814.0,7.942717540573791,0.70918,14.65636,0.71891,0.15139,0.17875,0.20647
Victor Valley College,18-19,True,True,3374.0,8.12415060330663,0.61711,9.42012,0.64967,0.0492,0.04831,0.09692
West Los Angeles College,18-19,True,True,1834.0,7.51479976048867,0.63015,10.3765,0.52999,0.0807,0.03272,0.12541
West Valley College,18-19,True,True,1671.0,7.421775793644647,0.73673,13.96738,0.7289,0.13525,0.15739,0.27349
Woodland Community College,18-19,True,True,793.0,6.677083461247136,0.64297,11.65889,0.64439,0.07188,0.10845,0.15889
Yuba College,18-19,True,True,1522.0,7.328437352895162,0.67508,13.50526,0.68528,0.12681,0.10381,0.16294
Allan Hancock College,19-20,True,True,2641.0,7.879291485082271,0.69971,14.45759,0.70352,0.16092,0.16547,0.15146
American River College,19-20,True,True,5819.0,8.669055540725484,0.74607,8.95803,0.63636,0.04984,0.10328,0.12614
Antelope Valley College,19-20,True,True,3897.0,8.268218880067506,0.67115,13.18116,0.67334,0.11162,0.17629,0.13523
Bakersfield College,19-20,True,True,6169.0,8.727454116899434,0.61703,11.87932,0.67239,0.10261,0.08429,0.12482
Barstow College,19-20,True,True,862.0,6.760414691083428,0.72341,14.35035,0.59629,0.17169,0.18097,0.16473
Berkeley City College,19-20,True,True,1073.0,6.97914527506881,0.76156,10.46645,0.59739,0.06337,0.22926,0.20317
Butte College,19-20,True,True,2555.0,7.846198815497425,0.74278,15.15607,0.74012,0.13777,0.20861,0.17808
Cabrillo College,19-20,True,True,2279.0,7.731930721948486,0.71645,12.97996,0.6968,0.10443,0.14129,0.17376
Canada College,19-20,True,True,971.0,6.879355804460439,0.67289,10.85891,0.57878,0.08342,0.21421,0.20597
Cerritos College,19-20,True,True,5813.0,8.668024081118821,0.66464,11.52056,0.6888,0.09186,0.11388,0.123
Cerro Coso Community College,19-20,True,True,1272.0,7.149131598557407,0.72051,10.35338,0.52123,0.07154,0.07154,0.1022
Chabot College,19-20,True,True,3098.0,8.038834757787749,0.71765,10.86249,0.64977,0.09393,0.10878,0.1601
Chaffey College,19-20,True,True,5293.0,8.574329382787047,0.64001,11.02031,0.67731,0.07387,0.1109,0.12904
Citrus College,19-20,True,True,2958.0,7.99260665240021,0.71001,16.19354,0.72346,0.21095,0.26775,0.20385
City College of San Francisco,19-20,True,True,4419.0,8.393894975071744,0.72963,11.31557,0.6162,0.10093,0.12446,0.1575
Clovis Community College,19-20,True,True,2065.0,7.633369649679584,0.73256,15.3155,0.73559,0.18063,0.27603,0.26538
Coalinga College,19-20,True,True,796.0,6.680854678790215,0.70554,9.56187,0.56407,0.07915,0.09673,0.13065
Coastline Community College,19-20,True,True,1626.0,7.394493107219038,0.64854,6.33702,0.44034,0.02522,0.05043,0.07934
College of Alameda,19-20,True,True,885.0,6.786716950605081,0.76972,8.22203,0.52316,0.04859,0.20452,0.17966
College of Marin,19-20,True,True,1121.0,7.022868086082641,0.72118,10.34166,0.60036,0.06869,0.10616,0.15254
College of San Mateo,19-20,True,True,1868.0,7.533158807455563,0.71024,14.20155,0.67827,0.1424,0.22323,0.2848
College of the Canyons,19-20,True,True,3945.0,8.28045768658256,0.74317,18.69112,0.71711,0.26008,0.28137,0.25298
College of the Desert,19-20,True,True,3642.0,8.200562797008564,0.70379,12.72117,0.65129,0.09995,0.03762,0.13674
College of the Redwoods,19-20,True,True,1128.0,7.029087564149662,0.66347,12.60904,0.63298,0.10727,0.13741,0.12766
College of the Sequoias,19-20,True,True,3534.0,8.170468578330674,0.73205,15.45048,0.73656,0.15676,0.17063,0.17459
College of the Siskiyous,19-20,True,True,462.0,6.137727054086234,0.7085,15.37771,0.64069,0.14286,0.19048,0.18831
Columbia College,19-20,True,True,664.0,6.499787040655854,0.71975,10.85843,0.5256,0.09337,0.13253,0.125
Compton College,19-20,True,True,907.0,6.811244378601294,0.56707,8.64553,0.48291,0.05843,0.05733,0.06284
Contra Costa College,19-20,True,True,1559.0,7.352441100243583,0.70504,12.45484,0.6254,0.11289,0.1764,0.14496
Copper Mountain College,19-20,True,True,383.0,5.950642552587727,0.66868,10.6436,0.57702,0.09922,0.12533,0.12533
Cosumnes River College,19-20,True,True,3549.0,8.174702882469461,0.69853,11.0154,0.67906,0.07608,0.14934,0.18371
Crafton Hills College,19-20,True,True,1653.0,7.4109518755836366,0.70284,12.58303,0.66909,0.1095,0.18814,0.1706
Cuesta College,19-20,True,True,2244.0,7.716460800176355,0.75935,15.7324,0.71925,0.1836,0.20989,0.19786
Cuyamaca College,19-20,True,True,1784.0,7.487173694213739,0.76965,10.2032,0.61323,0.04316,0.19563,0.1704
Cypress College,19-20,True,True,3305.0,8.10349427838097,0.72669,14.03707,0.70983,0.12557,0.19486,0.20393
De Anza College,19-20,True,False,4953.0,8.507950610049305,0.82089,nan,0.79124,nan,0.32707,0.28811
Diablo Valley College,19-20,True,True,4881.0,8.493310250952906,0.79586,16.28431,0.72403,0.21164,0.27003,0.27822
East Los Angeles College,19-20,True,True,4928.0,8.502891406705377,0.67522,12.19247,0.6248,0.09963,0.08502,0.11323
El Camino College,19-20,True,True,5494.0,8.611593866837723,0.72325,13.51047,0.70823,0.14525,0.19731,0.19276
Evergreen Valley College,19-20,True,True,2267.0,7.7266536648476425,0.70594,9.93472,0.68902,0.06087,0.15086,0.17777
Feather River College,19-20,True,True,384.0,5.953243334287785,0.84308,15.00651,0.63542,0.19792,0.14583,0.20313
Folsom Lake College,19-20,True,True,2515.0,7.830425617820331,0.77633,12.08867,0.66163,0.09384,0.18529,0.23618
Foothill College,19-20,True,False,2601.0,7.86403565907245,0.80015,nan,0.60938,nan,0.20185,0.18916
Fresno City College,19-20,True,True,5483.0,8.609590040682205,0.62405,11.35792,0.6542,0.08517,0.11891,0.12785
Fullerton College,19-20,True,True,5391.0,8.592671652592143,0.7178,13.81404,0.73641,0.12187,0.18958,0.19533
Gavilan College,19-20,True,True,1313.0,7.1808311990445555,0.64389,12.03922,0.63595,0.10053,0.15156,0.14242
Glendale Community College,19-20,True,True,3403.0,8.132706489693264,0.77924,16.63517,0.73817,0.21158,0.14928,0.24567
Golden West College,19-20,True,True,2806.0,7.939871576361883,0.73057,13.46009,0.68924,0.12259,0.21989,0.20492
Grossmont College,19-20,True,True,3981.0,8.289539484624141,0.7094,11.93343,0.69254,0.05878,0.19945,0.17709
Hartnell College,19-20,True,True,3012.0,8.0106915391303,0.71033,11.98315,0.58665,0.13811,0.18293,0.14741
Imperial Valley College,19-20,True,True,2625.0,7.873217054862741,0.77044,14.16,0.75429,0.14819,0.07962,0.16419
Irvine Valley College,19-20,True,True,3316.0,8.106816038947052,0.75851,17.30956,0.77081,0.23221,0.2892,0.32268
Lake Tahoe Community College,19-20,True,False,627.0,6.4425401664681985,0.72228,nan,0.41786,nan,0.05423,0.09091
Laney College,19-20,True,True,1734.0,7.45876269238096,0.77947,7.14591,0.48962,0.04095,0.09746,0.10611
Las Positas College,19-20,True,True,2200.0,7.696667081526462,0.78291,14.24682,0.72273,0.15591,0.22364,0.26682
Lassen College,19-20,True,True,1163.0,7.059617628291383,0.79729,6.80653,0.26741,0.04385,0.05761,0.04299
Lemoore College,19-20,True,True,966.0,6.874198495453294,0.71098,13.60507,0.69565,0.13147,0.20186,0.18841
Long Beach City College,19-20,True,True,5467.0,8.60666819784384,0.66413,11.79166,0.69014,0.09603,0.11615,0.1295
Los Angeles City College,19-20,True,True,2477.0,7.815207062189088,0.67691,10.26706,0.56601,0.07105,0.09164,0.09972
Los Angeles Harbor College,19-20,True,True,1522.0,7.328437352895162,0.67593,12.14422,0.64849,0.11498,0.19317,0.15769
Los Angeles Mission College,19-20,True,True,1756.0,7.471363088187097,0.62708,10.2369,0.62756,0.06321,0.09226,0.11845
Los Angeles Pierce College,19-20,True,True,4252.0,8.355379895253634,0.72128,14.29586,0.70061,0.14911,0.17709,0.23542
Los Angeles Southwest College,19-20,True,True,1078.0,6.983789965258135,0.55534,8.41512,0.49351,0.0603,0.09184,0.08905
Los Angeles Trade-Tech College,19-20,True,True,2687.0,7.89655270164304,0.69017,8.91738,0.4853,0.04019,0.0268,0.03201
Los Angeles Valley College,19-20,True,True,3065.0,8.028129059431759,0.70681,12.22316,0.63556,0.10343,0.06558,0.16607
Los Medanos College,19-20,True,True,2776.0,7.9291264873067995,0.74316,12.625,0.66354,0.11563,0.23451,0.17687
Mendocino College,19-20,True,True,840.0,6.734591659972948,0.76346,12.99702,0.575,0.14167,0.13214,0.10238
Merced College,19-20,True,True,2932.0,7.983781068977451,0.618,12.81207,0.68929,0.12756,0.1412,0.13711
Merritt College,19-20,True,True,950.0,6.85751406254539,0.69903,7.60211,0.48316,0.03368,0.11053,0.10632
MiraCosta College,19-20,True,True,2876.0,7.964503363551548,0.74171,14.25261,0.7041,0.13526,0.14152,0.22601
Mission College,19-20,True,True,1435.0,7.269616749608169,0.79445,10.76063,0.60488,0.0892,0.14913,0.15749
Modesto Junior College,19-20,True,True,4728.0,8.461469042643875,0.7147,12.33629,0.67111,0.11612,0.06705,0.14192
Monterey Peninsula College,19-20,True,True,1526.0,7.3310603052186325,0.69013,11.74967,0.62844,0.1055,0.16317,0.15334
Moorpark College,19-20,True,True,3217.0,8.076515327552329,0.79832,18.15511,0.76655,0.24153,0.2406,0.34908
Moreno Valley College,19-20,True,True,2667.0,7.889084407035514,0.66288,11.7605,0.56243,0.12373,0.10011,0.13573
Mt. San Antonio College,19-20,True,True,6398.0,8.76389700713946,0.74053,14.83675,0.76102,0.15583,0.15942,0.20256
Mt. San Jacinto College,19-20,True,True,4585.0,8.43076346341785,0.74151,12.47503,0.67415,0.0988,0.21243,0.1651
Napa Valley College,19-20,True,True,1337.0,7.198931240688173,0.70736,12.67165,0.67689,0.10471,0.19746,0.18848
Norco College,19-20,True,True,2584.0,7.85748078694253,0.73169,11.98355,0.625,0.0952,0.13313,0.17724
Ohlone College,19-20,True,True,1801.0,7.496652438168283,0.79365,15.81399,0.73903,0.201,0.3126,0.27041
Orange Coast College,19-20,True,True,4612.0,8.43663368355782,0.75273,13.81526,0.73395,0.10993,0.20598,0.232
Oxnard College,19-20,True,True,1865.0,7.531552381407289,0.73089,12.81099,0.70188,0.10456,0.18177,0.15174
Palo Verde College,19-20,True,True,1022.0,6.930494765951626,0.68914,6.57216,0.43053,0.0137,0.01174,0.01957
Palomar College,19-20,True,True,5908.0,8.684231891345675,0.68713,12.93737,0.66825,0.109,0.09546,0.17908
Pasadena City College,19-20,True,True,6136.0,8.722091302389098,0.78679,17.23305,0.75847,0.22914,0.28341,0.26125
Porterville College,19-20,True,True,1103.0,7.00669522683704,0.68347,14.57978,0.70626,0.15684,0.19402,0.15503
Reedley College,19-20,True,True,2562.0,7.848933726364071,0.64638,12.72092,0.64754,0.12139,0.15535,0.15769
Rio Hondo College,19-20,True,True,4264.0,8.35819745992578,0.688,11.69586,0.70568,0.09029,0.12289,0.1114
Riverside City College,19-20,True,True,5835.0,8.671800909642677,0.68234,12.21063,0.65433,0.12356,0.10386,0.15236
Sacramento City College,19-20,True,True,4194.0,8.341648618901306,0.70852,10.5068,0.61421,0.067,0.12637,0.15212
Saddleback College,19-20,True,True,4622.0,8.438799123988225,0.76529,15.39521,0.70705,0.17676,0.21095,0.2672
San Bernardino Valley College,19-20,True,True,3646.0,8.20166019080868,0.61862,10.82639,0.63549,0.08969,0.113,0.08557
San Diego City College,19-20,True,True,3277.0,8.094988759303774,0.71738,9.33003,0.60879,0.03814,0.10467,0.14648
San Diego Mesa College,19-20,True,True,4394.0,8.388222810119277,0.7691,12.63211,0.70596,0.09604,0.19254,0.24488
San Diego Miramar College,19-20,True,True,3420.0,8.137688184977605,0.80664,12.22678,0.71316,0.0769,0.17632,0.30556
San Joaquin Delta College,19-20,True,True,6505.0,8.780480107033297,0.69139,16.06518,0.71284,0.1854,0.07241,0.21814
San Jose City College,19-20,True,True,1887.0,7.543273346705446,0.69451,9.61659,0.58506,0.06836,0.11076,0.12507
Santa Ana College,19-20,True,True,4326.0,8.372629740224884,0.62099,10.01107,0.56334,0.0883,0.11165,0.09015
Santa Barbara City College,19-20,True,True,3550.0,8.174984532943087,0.74767,18.93017,0.7262,0.24901,0.25606,0.25606
Santa Monica College,19-20,True,True,7136.0,8.873047798971067,0.73377,15.69815,0.73963,0.18063,0.16017,0.20908
Santa Rosa Junior College,19-20,True,True,4084.0,8.315077007294104,0.69147,13.25043,0.66332,0.12414,0.10798,0.16283
Santiago Canyon College,19-20,True,True,2875.0,7.964155718840937,0.69212,13.6353,0.64278,0.16696,0.2007,0.19548
Shasta College,19-20,True,True,1711.0,7.445417556701687,0.64823,13.69287,0.61192,0.13968,0.10345,0.13676
Sierra College,19-20,True,True,4628.0,8.44009614103127,0.72082,15.76318,0.72731,0.18647,0.2204,0.23617
Skyline College,19-20,True,True,1636.0,7.400620577371135,0.77045,16.01039,0.67298,0.2011,0.22738,0.26895
Solano Community College,19-20,True,True,2331.0,7.754481547470383,0.71139,13.54462,0.63921,0.13471,0.15015,0.15401
Southwestern College,19-20,True,True,4649.0,8.444622498581403,0.71166,12.64379,0.72682,0.09766,0.11787,0.14691
Taft College,19-20,True,True,1096.0,7.00033446027523,0.74784,11.47217,0.54927,0.125,0.06661,0.12865
Ventura College,19-20,True,True,2836.0,7.950502434808851,0.75854,15.70892,0.70698,0.18512,0.2426,0.22461
Victor Valley College,19-20,True,True,3490.0,8.157943507105037,0.67188,11.1149,0.60172,0.08997,0.13123,0.09857
West Los Angeles College,19-20,True,True,1867.0,7.532623618788788,0.69212,10.91136,0.53937,0.10123,0.0782,0.12105
West Valley College,19-20,True,True,1728.0,7.455298485683291,0.79096,15.20226,0.74248,0.16956,0.26852,0.28125
Woodland Community College,19-20,True,True,862.0,6.760414691083428,0.69591,12.69722,0.62993,0.09397,0.19258,0.16705
Yuba College,19-20,True,True,1446.0,7.277247726631484,0.65985,13.6518,0.65284,0.12932,0.14246,0.15145
Allan Hancock College,20-21,True,False,2208.0,7.700295203420117,0.64002,15.09307,0.6567,0.17754,0.1644,nan
American River College,20-21,True,False,4682.0,8.451694209183541,0.6682,9.63402,0.59868,0.06408,0.13968,nan
Antelope Valley College,20-21,True,False,2678.0,7.893198869544609,0.70078,15.1432,0.69455,0.15011,0.22293,nan
Bakersfield College,20-21,True,False,5133.0,8.543640361431086,0.573,13.36587,0.62575,0.15059,0.10657,nan
Barstow College,20-21,True,False,529.0,6.272877006546167,0.71626,15.33837,0.59924,0.20605,0.18526,nan
Berkeley City College,20-21,True,False,913.0,6.81783057145415,0.71877,8.68291,0.50602,0.03067,0.2322,nan
Butte College,20-21,True,False,2378.0,7.774435510302958,0.6838,14.2787,0.64718,0.13499,0.19134,nan
Cabrillo College,20-21,True,False,1943.0,7.572502985020384,0.68358,13.83568,0.80751,0.1472,0.16006,nan
Canada College,20-21,True,False,883.0,6.784457062637643,0.73253,9.6812,0.53681,0.06455,0.25821,nan
Cerritos College,20-21,True,False,4861.0,8.48920515487607,0.58764,11.65172,0.66776,0.11047,0.1438,nan
Cerro Coso Community College,20-21,True,False,1085.0,6.990256500493881,0.71732,11.94885,0.55576,0.10046,0.05806,nan
Chabot College,20-21,True,False,2466.0,7.810758116529357,0.74858,12.3159,0.65004,0.13179,0.16464,nan
Chaffey College,20-21,True,False,4059.0,8.308938252595778,0.61705,11.98934,0.64425,0.10643,0.13427,nan
Citrus College,20-21,True,False,2520.0,7.83241092718792,0.67766,15.50972,0.6373,0.22103,0.2496,nan
City College of San Francisco,20-21,True,False,3111.0,8.043020885298283,0.81488,11.60575,0.63677,0.10383,0.12633,nan
Clovis Community College,20-21,True,False,1937.0,7.569411792450712,0.73052,15.24884,0.65823,0.18637,0.2127,nan
Coalinga College,20-21,True,False,586.0,6.375024819828097,0.71078,9.90102,0.63311,0.06826,0.12116,nan
Coastline Community College,20-21,True,False,1172.0,7.067319848653476,0.7274,7.67747,0.36348,0.04266,0.09642,nan
College of Alameda,20-21,True,False,754.0,6.626717749249025,0.67942,6.52387,0.44828,0.02918,0.19098,nan
College of Marin,20-21,True,False,974.0,6.882437470997847,0.702,11.61627,0.62526,0.08214,0.12423,nan
College of San Mateo,20-21,True,False,1617.0,7.388946097618437,0.79882,14.4833,0.67718,0.13482,0.32035,nan
College of the Canyons,20-21,True,False,3693.0,8.214465160759186,0.78251,20.36682,0.72759,0.3049,0.32927,nan
College of the Desert,20-21,True,False,3108.0,8.042056410058754,0.6598,12.90878,0.63481,0.12773,0.04955,nan
College of the Redwoods,20-21,True,False,782.0,6.663132695990803,0.61657,12.5633,0.59335,0.10742,0.11253,nan
College of the Sequoias,20-21,True,False,2956.0,7.9919305198524775,0.71807,15.17845,0.69181,0.17219,0.16171,nan
College of the Siskiyous,20-21,True,False,309.0,5.736572297479192,0.71138,14.27346,0.60518,0.14239,0.15858,nan
Columbia College,20-21,True,False,719.0,6.579251212010101,0.79349,13.77747,0.64812,0.12935,0.12796,nan
Compton College,20-21,True,False,406.0,6.008813185442595,0.59931,10.49754,0.50246,0.08128,0.0936,nan
Contra Costa College,20-21,True,False,1188.0,7.080867896690782,0.6845,12.81288,0.53704,0.13468,0.18687,nan
Copper Mountain College,20-21,True,False,312.0,5.746203190540153,0.66667,11.30285,0.59936,0.08974,0.12179,nan
Cosumnes River College,20-21,True,False,3346.0,8.115819701211327,0.64531,10.44759,0.6321,0.07292,0.16318,nan
Crafton Hills College,20-21,True,False,1422.0,7.260522598089852,0.68361,14.76547,0.68847,0.16385,0.24684,nan
Cuesta College,20-21,True,False,1971.0,7.586803535162581,0.64719,15.62534,0.66362,0.1933,0.17402,nan
Cuyamaca College,20-21,True,False,1666.0,7.418780882750794,0.67354,8.35804,0.52521,0.04622,0.19688,nan
Cypress College,20-21,True,False,3107.0,8.041734711487537,0.73076,13.68201,0.66817,0.1355,0.19826,nan
De Anza College,20-21,True,False,4518.0,8.41604600941128,0.80419,nan,0.74369,nan,0.34772,nan
Diablo Valley College,20-21,True,False,4207.0,8.344742754417545,0.77292,16.54471,0.70953,0.22154,0.29617,nan
East Los Angeles College,20-21,True,False,3492.0,8.158516244806831,0.61418,12.28773,0.62743,0.12113,0.11483,nan
El Camino College,20-21,True,False,4577.0,8.429017500512511,0.65434,13.28742,0.67118,0.15097,0.21477,nan
Evergreen Valley College,20-21,True,False,1858.0,7.527793987721444,0.71977,11.48143,0.676,0.07858,0.22443,nan
Feather River College,20-21,True,False,343.0,5.840641657373398,0.80468,13.94898,0.63557,0.12828,0.15452,nan
Folsom Lake College,20-21,True,False,2380.0,7.7752758464868625,0.70702,11.6145,0.62983,0.09412,0.19286,nan
Foothill College,20-21,True,False,2370.0,7.771067086065406,0.74857,nan,0.57553,nan,0.19325,nan
Fresno City College,20-21,True,False,4520.0,8.416488487294606,0.62256,11.76892,0.64071,0.11018,0.10177,nan
Fullerton College,20-21,True,False,4837.0,8.484256691169973,0.77808,13.71491,0.67604,0.14575,0.20839,nan
Gavilan College,20-21,True,False,1004.0,6.912742820493176,0.67586,12.68277,0.60757,0.12649,0.18725,nan
Glendale Community College,20-21,True,False,2910.0,7.976251943745623,0.84859,18.37491,0.70756,0.25979,0.19003,nan
Golden West College,20-21,True,False,2321.0,7.7501841622578365,0.72401,15.05009,0.69065,0.17234,0.28738,nan
Grossmont College,20-21,True,False,3522.0,8.167068178341237,0.64738,10.94435,0.60846,0.06332,0.21238,nan
Hartnell College,20-21,True,False,2387.0,7.778211474512493,0.61368,13.49847,0.64307,0.16925,0.19439,nan
Imperial Valley College,20-21,True,False,1901.0,7.550661243105336,0.68226,15.89453,0.7738,0.19779,0.13835,nan
Irvine Valley College,20-21,True,False,2531.0,7.836764783264067,0.77139,18.73627,0.77756,0.26669,0.34927,nan
Lake Tahoe Community College,20-21,True,False,692.0,6.541029999189903,0.76352,nan,0.5448,nan,0.06792,nan
Laney College,20-21,True,False,1193.0,7.085064293952548,0.70488,7.08801,0.44174,0.03269,0.13915,nan
Las Positas College,20-21,True,False,1876.0,7.537430036586509,0.79332,15.8734,0.73881,0.1935,0.27399,nan
Lassen College,20-21,True,False,540.0,6.293419278846481,0.70729,9.02037,0.36111,0.07037,0.05741,nan
Lemoore College,20-21,True,False,780.0,6.660575149839686,0.6918,13.39487,0.69103,0.12564,0.20641,nan
Long Beach City College,20-21,True,False,4958.0,8.508959386489133,0.59301,12.49647,0.67063,0.12223,0.15551,nan
Los Angeles City College,20-21,True,False,2153.0,7.675081857716334,0.60566,10.6751,0.54482,0.07339,0.13052,nan
Los Angeles Harbor College,20-21,True,False,1104.0,7.007600613951853,0.63639,13.27129,0.66123,0.15761,0.21649,nan
Los Angeles Mission College,20-21,True,False,1208.0,7.097548850614793,0.63646,10.63286,0.57202,0.07947,0.12169,nan
Los Angeles Pierce College,20-21,True,False,3076.0,8.031710375322042,0.71514,15.82363,0.73277,0.18336,0.26073,nan
Los Angeles Southwest College,20-21,True,False,526.0,6.267200548541362,0.63627,10.55608,0.48099,0.09316,0.14639,nan
Los Angeles Trade-Tech College,20-21,True,False,1624.0,7.393263094763838,0.64643,9.57666,0.51293,0.04741,0.03879,nan
Los Angeles Valley College,20-21,True,False,2336.0,7.756623334538858,0.72582,13.09311,0.63014,0.12714,0.09332,nan
Los Medanos College,20-21,True,False,2118.0,7.6586995582682995,0.70948,13.84207,0.66383,0.13787,0.25401,nan
Madera College,20-21,True,False,1002.0,6.910750787961936,0.68967,8.57784,0.48004,0.0489,0.07385,nan
Mendocino College,20-21,True,False,600.0,6.398594934535208,0.70366,14.61333,0.59,0.17833,0.12333,nan
Merced College,20-21,True,False,2433.0,7.797291273547472,0.61666,13.58282,0.66379,0.15372,0.14961,nan
Merritt College,20-21,True,False,770.0,6.647688373563329,0.64201,7.46494,0.44286,0.02338,0.11169,nan
MiraCosta College,20-21,True,False,2731.0,7.912789220690681,0.82284,14.93775,0.68034,0.16624,0.16917,nan
Mission College,20-21,True,False,1221.0,7.108244139731541,0.73555,12.98198,0.61916,0.13432,0.17772,nan
Modesto Junior College,20-21,True,False,4667.0,8.448485993406447,0.75753,12.8889,0.65974,0.13263,0.07392,nan
Monterey Peninsula College,20-21,True,False,1300.0,7.170888478512505,0.72696,13.32154,0.61154,0.14,0.15538,nan
Moorpark College,20-21,True,False,3263.0,8.090708716083997,0.76715,17.6163,0.73429,0.2415,0.26325,nan
Moreno Valley College,20-21,True,False,1802.0,7.497207223203318,0.6051,11.89359,0.54384,0.13097,0.07381,nan
Mt. San Antonio College,20-21,True,False,5448.0,8.603187384583098,0.79432,14.81021,0.68649,0.18741,0.18209,nan
Mt. San Jacinto College,20-21,True,False,3431.0,8.140898460607852,0.69331,14.15855,0.68231,0.13087,0.27048,nan
Napa Valley College,20-21,True,False,1114.0,7.016609683894219,0.65739,13.28546,0.67953,0.11041,0.22262,nan
Norco College,20-21,True,False,1819.0,7.506591780070841,0.65036,12.40132,0.60913,0.105,0.15393,nan
Ohlone College,20-21,True,False,1668.0,7.419979923661835,0.79757,19.68225,0.73501,0.28777,0.38669,nan
Orange Coast College,20-21,True,False,4160.0,8.333510708982942,0.72362,15.06611,0.76394,0.13654,0.26394,nan
Oxnard College,20-21,True,False,1482.0,7.301822342137932,0.67463,12.11404,0.62686,0.11201,0.18421,nan
Palo Verde College,20-21,True,False,510.0,6.236369590203704,0.72175,8.49755,0.46471,0.03137,nan,nan
Palomar College,20-21,True,False,4648.0,8.444407421690585,0.75917,13.80325,0.67879,0.13683,0.12242,nan
Pasadena City College,20-21,True,False,5164.0,8.549660381553739,0.70936,17.24361,0.689,0.25426,0.30693,nan
Porterville College,20-21,True,False,833.0,6.726233402358747,0.63538,15.11224,0.59424,0.18968,0.14526,nan
Reedley College,20-21,True,False,1612.0,7.385851078125209,0.68116,15.31824,0.67308,0.18548,0.15261,nan
Rio Hondo College,20-21,True,False,3339.0,8.113726085970747,0.70885,11.81144,0.66816,0.09674,0.11231,nan
Riverside City College,20-21,True,False,5131.0,8.543250725735527,0.61859,12.5038,0.62035,0.13915,0.13233,nan
Sacramento City College,20-21,True,False,3814.0,8.246695943718557,0.66021,10.80139,0.58338,0.08574,0.14971,nan
Saddleback College,20-21,True,False,4233.0,8.350902451694811,0.75822,16.66484,0.71391,0.19702,0.25018,nan
San Bernardino Valley College,20-21,True,False,2616.0,7.869783902530146,0.56503,10.32836,0.56193,0.09901,0.12691,nan
San Diego City College,20-21,True,False,2467.0,7.811163385025279,0.6484,7.98865,0.52898,0.02392,0.13701,nan
San Diego Mesa College,20-21,True,False,3451.0,8.146709052203319,0.72146,11.71327,0.66155,0.07331,0.20574,nan
San Diego Miramar College,20-21,True,False,2340.0,7.75833346749091,0.76395,11.00214,0.65,0.04915,0.21111,nan
San Joaquin Delta College,20-21,True,False,5800.0,8.665785595466064,0.72049,12.18543,0.63828,0.11983,0.06793,nan
San Jose City College,20-21,True,False,1626.0,7.394493107219038,0.68104,9.67312,0.62669,0.0738,0.10701,nan
Santa Ana College,20-21,True,False,2921.0,7.980023592310645,0.63775,12.57807,0.5837,0.15029,0.14139,nan
Santa Barbara City College,20-21,True,False,3033.0,8.017637159908478,0.69545,18.23904,0.73492,0.24102,0.26212,nan
Santa Monica College,20-21,True,False,6009.0,8.701180027529253,0.71643,15.82984,0.71992,0.19587,0.18605,nan
Santa Rosa Junior College,20-21,True,False,3407.0,8.133880887949207,0.68268,13.16209,0.6246,0.12797,0.12151,nan
Santiago Canyon College,20-21,True,False,2788.0,7.933438387627489,0.74694,13.76392,0.63881,0.20624,0.20373,nan
Shasta College,20-21,True,False,1505.0,7.317212408359839,0.66585,19.89435,0.60399,0.25581,0.08638,nan
Sierra College,20-21,True,False,4245.0,8.353732642263202,0.69053,16.20471,0.7053,0.19458,0.24617,nan
Skyline College,20-21,True,False,1340.0,7.201170883281678,0.80499,14.63433,0.66269,0.14851,0.27313,nan
Solano Community College,20-21,True,False,2078.0,7.639642287858013,0.70449,14.83951,0.64004,0.16747,0.20164,nan
Southwestern College,20-21,True,False,3683.0,8.211754397375197,0.67392,13.0353,0.68775,0.10888,0.13956,nan
Taft College,20-21,True,False,690.0,6.53813982376767,0.72459,12.89891,0.55507,0.17246,0.07826,nan
Ventura College,20-21,True,False,2465.0,7.81035268372429,0.72907,15.63124,0.69412,0.18377,0.23773,nan
Victor Valley College,20-21,True,False,2395.0,7.78155595923534,0.64467,14.63382,0.61587,0.15115,0.1499,nan
West Los Angeles College,20-21,True,False,1398.0,7.243512974665482,0.67662,10.87804,0.51788,0.09299,0.08727,nan
West Valley College,20-21,True,False,1566.0,7.356918242356021,0.73876,15.0728,0.66794,0.18327,0.29055,nan
Woodland Community College,20-21,True,False,810.0,6.698268054115413,0.65408,9.74383,0.48395,0.06667,0.1679,nan
Yuba College,20-21,True,False,1226.0,7.112327444710911,0.67478,14.21656,0.61746,0.14356,0.1615,nan
